agent_slot	agent_id	nickname	prompt_file	assigned_paper_ids
agent_1	019e5f26-14a6-7663-9009-df2d2402bffb	Faraday	agent_1_2105_2112.md	2105.07190,2106.12714,2108.05624,2109.03540,2109.08039,2111.01968,2112.05700
agent_2	019e5f26-1847-7992-af90-58ff83d7b7ea	Kepler	agent_2_2202_2203.md	2202.02215,2202.07893,2202.09195,2203.06414,2203.11070,2203.11852
agent_3	019e5f26-1bb4-7d50-a071-9846340f452f	Avicenna	agent_3_2204_2207.md	2204.03719,2205.09428,2205.09904,2206.07579,2206.08451,2207.01739,2207.12599
agent_4	019e5f26-1f81-71d1-9c05-d74f7c9b6fc4	Aristotle	agent_4_2209_2301.md	2209.02681,2209.03245,2209.06399,2210.06679,2301.04272,2301.07014
agent_5	019e5f26-2555-75c1-a647-cc0c33e1d979	Curie	agent_5_2302_2305.md	2302.03735,2303.00265,2303.09253,2305.00264,2305.01975
agent_6	019e5f26-29bb-7ac1-a844-24adb43bff44	Socrates	agent_6_2305_2307.md	2305.05750,2306.07303,2307.05988
