agent_slot	agent_id	nickname	prompt_file	assigned_paper_ids
agent_1	019e5f57-e54e-7613-98b5-2a1b95638b4b	Parfit	agent_1_2308_2310.md	2308.13420,2309.06751,2310.02095,2310.10060
agent_2	019e5f57-e8e0-7201-a297-8cbf7d0cb950	Nash	agent_2_2311_2501.md	2311.12399,2311.16534,2501.10548
agent_3	019e5f57-edc5-73a2-ac40-e121649076c3	Nietzsche	agent_3_2502.md	2502.08346,2502.08660,2502.11070
agent_4	019e5f57-f669-73c3-9930-0cd7a1bcbfa0	Bernoulli	agent_4_2502_2503.md	2502.11453,2503.00952,2503.14110
