power,N_papers,detectable_standardized_dz
0.8,4,1.400792609056484
0.8,10,0.8859390348296594
0.8,25,0.5603170436225936
0.8,50,0.3962039811599345
0.8,100,0.2801585218112968
0.8,200,0.19810199057996725
0.9,4,1.620757775042327
0.9,10,1.0250572209121116
0.9,25,0.6483031100169308
0.9,50,0.45841952535730013
0.9,100,0.3241515550084654
0.9,200,0.22920976267865006
